{
    "engine_failure": {
        "drift_down_altitude_ft": 27000,
        "fuel_penalty_factor": 1.22,
        "speed_knots": 290,
        "diversion_required": true,
        "systems_lost": [
            "GEN 2",
            "HYD 2",
            "BLEED 2"
        ],
        "max_continuous_thrust": true,
        "autothrust_limited": true
    },
    "decompression": {
        "descent_altitude_ft": 10000,
        "emergency_descent_rate_fpm": 3500,
        "fuel_penalty_factor": 1.25,
        "oxygen_duration_min_crew": 22,
        "oxygen_duration_min_cabin": 14,
        "packs_shutdown": true,
        "recirc_fans_off": true
    },
    "hydraulic_failure": {
        "lost_systems": {
            "green": [
                "normal brakes",
                "gear",
                "slats"
            ],
            "blue": [
                "alternate brakes",
                "cargo doors"
            ],
            "yellow": [
                "rudder backup",
                "PTU"
            ]
        },
        "alternate_gear_extension_required": true,
        "landing_distance_factor": 1.2,
        "flap_restriction": "Flaps 3"
    },
    "single_engine_landing": {
        "allowed": true,
        "autoland_restriction": true,
        "reverser_available": "left_engine_only",
        "landing_distance_factor": 1.2,
        "fuel_penalty_factor": 1.15
    }
}