{
    "engine_failure": {
        "drift_down_altitude_ft": 29000,
        "fuel_penalty_factor": 1.2,
        "speed_knots": 310,
        "diversion_required": true,
        "systems_lost": [
            "ELEC GEN 2",
            "HYD PRI R",
            "ENG BLEED R"
        ],
        "max_continuous_thrust": true,
        "autothrottle_limited": true
    },
    "decompression": {
        "descent_altitude_ft": 10000,
        "emergency_descent_rate_fpm": 4000,
        "fuel_penalty_factor": 1.3,
        "oxygen_duration_min_crew": 20,
        "oxygen_duration_min_cabin": 12,
        "packs_shutdown": true,
        "recirc_fans_off": true
    },
    "hydraulic_failure": {
        "lost_systems": {
            "center": [
                "rudder travel limiter",
                "spoiler panels"
            ],
            "left": [
                "yaw damper",
                "elevator control"
            ],
            "right": [
                "nose wheel steering",
                "gear retraction"
            ]
        },
        "alternate_gear_extension_required": true,
        "landing_distance_factor": 1.25,
        "flap_restriction": "Flaps 20"
    },
    "single_engine_landing": {
        "allowed": true,
        "autoland_restriction": true,
        "reverser_available": "left_engine_only",
        "landing_distance_factor": 1.25,
        "fuel_penalty_factor": 1.18
    }
}