{
    "engine_failure": {
        "drift_down_altitude_ft": 27000,
        "fuel_penalty_factor": 1.22,
        "speed_knots": 290,
        "diversion_required": true,
        "systems_lost": [
            "GEN 2",
            "HYD 2",
            "BLEED 2"
        ]
    },
    "decompression": {
        "descent_altitude_ft": 10000,
        "emergency_descent_rate_fpm": 4000,
        "fuel_penalty_factor": 1.12,
        "oxygen_duration_min": 22
    },
    "hydraulic_failure": {
        "lost_systems": [
            "Normal brakes",
            "Slats",
            "Gear extension normal"
        ],
        "alternate_gear_extension_required": true,
        "landing_distance_factor": 1.15
    }
}