{
    "engine_failure": {
        "drift_down_altitude_ft": 28000,
        "fuel_penalty_factor": 1.18,
        "speed_knots": 300,
        "diversion_required": true,
        "systems_lost": [
            "GEN 2",
            "HYD 2",
            "BLEED 2"
        ]
    },
    "decompression": {
        "descent_altitude_ft": 10000,
        "emergency_descent_rate_fpm": 3500,
        "fuel_penalty_factor": 1.1,
        "oxygen_duration_min": 20
    },
    "hydraulic_failure": {
        "lost_systems": [
            "Partial spoilers",
            "Alternate braking"
        ],
        "alternate_gear_extension_required": false,
        "landing_distance_factor": 1.1
    }
}