{
    "engine_failure": {
        "drift_down_altitude_ft": 29000,
        "fuel_penalty_factor": 1.2,
        "speed_knots": 310,
        "diversion_required": true,
        "systems_lost": [
            "ELEC GEN 2",
            "HYD PRI R",
            "ENG BLEED R"
        ]
    },
    "decompression": {
        "descent_altitude_ft": 10000,
        "emergency_descent_rate_fpm": 4000,
        "fuel_penalty_factor": 1.15,
        "oxygen_duration_min": 18
    },
    "hydraulic_failure": {
        "lost_systems": [
            "Yaw dampers",
            "Spoiler panels",
            "Rudder travel"
        ],
        "alternate_gear_extension_required": true,
        "landing_distance_factor": 1.2
    }
}